{"stats":{"minecraft:custom":{"minecraft:time_since_rest":94936,"minecraft:play_one_minute":94936,"minecraft:crouch_one_cm":2397,"minecraft:sprint_one_cm":10565,"minecraft:walk_one_cm":116929,"minecraft:sneak_time":4083,"minecraft:jump":203,"minecraft:leave_game":7,"minecraft:time_since_death":94936,"minecraft:tune_noteblock":77,"minecraft:fly_one_cm":188031},"minecraft:picked_up":{"minecraft:oak_sign":1,"minecraft:sand":10,"minecraft:redstone_torch":1,"minecraft:redstone":4,"minecraft:dragon_egg":9},"minecraft:used":{"minecraft:redstone_torch":17,"minecraft:item_frame":2,"minecraft:sticky_piston":9,"minecraft:redstone_lamp":2,"minecraft:piston":7,"minecraft:glowstone":6,"minecraft:dragon_egg":124,"minecraft:black_concrete":19,"minecraft:repeater":52,"minecraft:dirt":3,"minecraft:sand":139,"minecraft:anvil":2,"minecraft:light_blue_concrete":73,"minecraft:stripped_oak_wood":1,"minecraft:gold_block":1,"minecraft:red_concrete":8,"minecraft:oak_button":2,"minecraft:redstone":112,"minecraft:white_stained_glass":21,"minecraft:oak_sign":42,"minecraft:stone_button":3,"minecraft:stone_stairs":1,"minecraft:note_block":12,"minecraft:sandstone":18,"minecraft:stone":602}},"DataVersion":1976}